{"Linear Regression": 17.568630103528182, "Random Forest Regressor": 17.6317976711862, "xgboost": 19.155670107454476, "lightgbm": 19.00144468344413}